- ================================================================
-- LUISA SEED DATA v2 - DATOS DE DEMOSTRACIÓN
-- 30 MÉDICOS | 20 PACIENTES | CITAS | HISTORIAL | CATÁLOGOS
-- ================================================================
-- INSTRUCCIONES: Ejecutar COMPLETO en Supabase SQL Editor
-- NO contiene bloques DO $$ — compatible con editor
-- TIEMPO: ~2 minutos (bcrypt tarda con muchos usuarios)
-- ================================================================

-- ================================================================
-- SECCIÓN 0: AJUSTES DE ESQUEMA
-- ================================================================
ALTER TABLE medicos ADD COLUMN IF NOT EXISTS id_usuario UUID;
ALTER TABLE medicos ADD COLUMN IF NOT EXISTS ciudad VARCHAR(100);
ALTER TABLE medicos ADD COLUMN IF NOT EXISTS descripcion TEXT;
ALTER TABLE medicos ADD COLUMN IF NOT EXISTS horarios JSONB DEFAULT '{}';
ALTER TABLE medicos ADD COLUMN IF NOT EXISTS consulta_precio DECIMAL(10,2) DEFAULT 800.00;
ALTER TABLE medicos ADD COLUMN IF NOT EXISTS foto_url TEXT;
ALTER TABLE medicos ADD COLUMN IF NOT EXISTS activo BOOLEAN DEFAULT true;
ALTER TABLE medicos ADD COLUMN IF NOT EXISTS cedula_profesional VARCHAR(20);
ALTER TABLE medicos ADD COLUMN IF NOT EXISTS telefono VARCHAR(20);
ALTER TABLE medicos ADD COLUMN IF NOT EXISTS calificacion DECIMAL(3,2) DEFAULT 4.8;
ALTER TABLE medicos ADD COLUMN IF NOT EXISTS num_resenas INT DEFAULT 0;

ALTER TABLE medicos ENABLE ROW LEVEL SECURITY;
DROP POLICY IF EXISTS medicos_directorio_publico ON medicos;
CREATE POLICY medicos_directorio_publico ON medicos FOR SELECT TO authenticated USING (activo = true);

DROP POLICY IF EXISTS medico_update_own ON medicos;
CREATE POLICY medico_update_own ON medicos FOR ALL TO authenticated USING (id_usuario = auth.uid());

-- ================================================================
-- SECCIÓN 1: CATÁLOGO DE DIAGNÓSTICOS (CIE-10)
-- ================================================================
INSERT INTO cat_diagnosticos (id, codigo_cie10, nombre, categoria, activo) VALUES
('00000000-0000-0005-0000-000000000001', 'I10', 'Hipertensión esencial (primaria)', 'Sistema circulatorio', true),
('00000000-0000-0005-0000-000000000002', 'E11', 'Diabetes mellitus tipo 2', 'Endocrinología', true),
('00000000-0000-0005-0000-000000000003', 'J06.9', 'Infección aguda de vías respiratorias superiores', 'Sistema respiratorio', true),
('00000000-0000-0005-0000-000000000004', 'K29.5', 'Gastritis crónica', 'Aparato digestivo', true),
('00000000-0000-0005-0000-000000000005', 'F32.1', 'Episodio depresivo moderado', 'Trastornos mentales', true),
('00000000-0000-0005-0000-000000000006', 'M54.5', 'Lumbago no especificado', 'Sistema musculoesquelético', true),
('00000000-0000-0005-0000-000000000007', 'L30.9', 'Dermatitis no especificada', 'Enfermedades de la piel', true),
('00000000-0000-0005-0000-000000000008', 'J45.9', 'Asma no especificada', 'Sistema respiratorio', true),
('00000000-0000-0005-0000-000000000009', 'N39.0', 'Infección de vías urinarias', 'Aparato genitourinario', true),
('00000000-0000-0005-0000-00000000000a', 'E78.5', 'Hiperlipidemia no especificada', 'Endocrinología', true),
('00000000-0000-0005-0000-00000000000b', 'G43.9', 'Migraña no especificada', 'Sistema nervioso', true),
('00000000-0000-0005-0000-00000000000c', 'K21.0', 'Enfermedad por reflujo gastroesofágico', 'Aparato digestivo', true),
('00000000-0000-0005-0000-00000000000d', 'Z00.0', 'Examen médico general', 'Atención preventiva', true),
('00000000-0000-0005-0000-00000000000e', 'J30.1', 'Rinitis alérgica debida a pólenes', 'Sistema respiratorio', true),
('00000000-0000-0005-0000-00000000000f', 'O26.9', 'Afección relacionada con el embarazo', 'Obstetricia', true),
('00000000-0000-0005-0000-000000000010', 'M10.9', 'Gota no especificada', 'Sistema musculoesquelético', true),
('00000000-0000-0005-0000-000000000011', 'F41.1', 'Trastorno de ansiedad generalizada', 'Trastornos mentales', true),
('00000000-0000-0005-0000-000000000012', 'H52.1', 'Miopía', 'Enfermedades del ojo', true),
('00000000-0000-0005-0000-000000000013', 'K80.2', 'Colelitiasis con cólico biliar', 'Aparato digestivo', true),
('00000000-0000-0005-0000-000000000014', 'E03.9', 'Hipotiroidismo no especificado', 'Endocrinología', true)
ON CONFLICT (codigo_cie10) DO NOTHING;

-- ================================================================
-- SECCIÓN 2: USUARIOS MÉDICOS - auth.users (30)
-- ================================================================
INSERT INTO auth.users (instance_id, id, aud, role, email, encrypted_password, email_confirmed_at, raw_app_meta_data, raw_user_meta_data, created_at, updated_at) VALUES
('00000000-0000-0000-0000-000000000000','00000000-0000-0001-0001-000000000001','authenticated','authenticated','carlos.mendoza@luisa.click',crypt('Luisa2026!',gen_salt('bf')),now(),'{"provider":"email","providers":["email"]}','{}',now(),now()),
('00000000-0000-0000-0000-000000000000','00000000-0000-0001-0001-000000000002','authenticated','authenticated','ana.garcia@luisa.click',crypt('Luisa2026!',gen_salt('bf')),now(),'{"provider":"email","providers":["email"]}','{}',now(),now()),
('00000000-0000-0000-0000-000000000000','00000000-0000-0001-0001-000000000003','authenticated','authenticated','roberto.herrera@luisa.click',crypt('Luisa2026!',gen_salt('bf')),now(),'{"provider":"email","providers":["email"]}','{}',now(),now()),
('00000000-0000-0000-0000-000000000000','00000000-0000-0001-0001-000000000004','authenticated','authenticated','maria.lopez@luisa.click',crypt('Luisa2026!',gen_salt('bf')),now(),'{"provider":"email","providers":["email"]}','{}',now(),now()),
('00000000-0000-0000-0000-000000000000','00000000-0000-0001-0001-000000000005','authenticated','authenticated','juan.martinez@luisa.click',crypt('Luisa2026!',gen_salt('bf')),now(),'{"provider":"email","providers":["email"]}','{}',now(),now()),
('00000000-0000-0000-0000-000000000000','00000000-0000-0001-0001-000000000006','authenticated','authenticated','laura.sanchez@luisa.click',crypt('Luisa2026!',gen_salt('bf')),now(),'{"provider":"email","providers":["email"]}','{}',now(),now()),
('00000000-0000-0000-0000-000000000000','00000000-0000-0001-0001-000000000007','authenticated','authenticated','miguel.torres@luisa.click',crypt('Luisa2026!',gen_salt('bf')),now(),'{"provider":"email","providers":["email"]}','{}',now(),now()),
('00000000-0000-0000-0000-000000000000','00000000-0000-0001-0001-000000000008','authenticated','authenticated','sofia.ramirez@luisa.click',crypt('Luisa2026!',gen_salt('bf')),now(),'{"provider":"email","providers":["email"]}','{}',now(),now()),
('00000000-0000-0000-0000-000000000000','00000000-0000-0001-0001-000000000009','authenticated','authenticated','fernando.castro@luisa.click',crypt('Luisa2026!',gen_salt('bf')),now(),'{"provider":"email","providers":["email"]}','{}',now(),now()),
('00000000-0000-0000-0000-000000000000','00000000-0000-0001-0001-00000000000a','authenticated','authenticated','patricia.jimenez@luisa.click',crypt('Luisa2026!',gen_salt('bf')),now(),'{"provider":"email","providers":["email"]}','{}',now(),now()),
('00000000-0000-0000-0000-000000000000','00000000-0000-0001-0001-00000000000b','authenticated','authenticated','eduardo.morales@luisa.click',crypt('Luisa2026!',gen_salt('bf')),now(),'{"provider":"email","providers":["email"]}','{}',now(),now()),
('00000000-0000-0000-0000-000000000000','00000000-0000-0001-0001-00000000000c','authenticated','authenticated','claudia.flores@luisa.click',crypt('Luisa2026!',gen_salt('bf')),now(),'{"provider":"email","providers":["email"]}','{}',now(),now()),
('00000000-0000-0000-0000-000000000000','00000000-0000-0001-0001-00000000000d','authenticated','authenticated','andres.gutierrez@luisa.click',crypt('Luisa2026!',gen_salt('bf')),now(),'{"provider":"email","providers":["email"]}','{}',now(),now()),
('00000000-0000-0000-0000-000000000000','00000000-0000-0001-0001-00000000000e','authenticated','authenticated','valeria.diaz@luisa.click',crypt('Luisa2026!',gen_salt('bf')),now(),'{"provider":"email","providers":["email"]}','{}',now(),now()),
('00000000-0000-0000-0000-000000000000','00000000-0000-0001-0001-00000000000f','authenticated','authenticated','pablo.reyes@luisa.click',crypt('Luisa2026!',gen_salt('bf')),now(),'{"provider":"email","providers":["email"]}','{}',now(),now()),
('00000000-0000-0000-0000-000000000000','00000000-0000-0001-0001-000000000010','authenticated','authenticated','gabriela.cruz@luisa.click',crypt('Luisa2026!',gen_salt('bf')),now(),'{"provider":"email","providers":["email"]}','{}',now(),now()),
('00000000-0000-0000-0000-000000000000','00000000-0000-0001-0001-000000000011','authenticated','authenticated','hector.vega@luisa.click',crypt('Luisa2026!',gen_salt('bf')),now(),'{"provider":"email","providers":["email"]}','{}',now(),now()),
('00000000-0000-0000-0000-000000000000','00000000-0000-0001-0001-000000000012','authenticated','authenticated','daniela.ruiz@luisa.click',crypt('Luisa2026!',gen_salt('bf')),now(),'{"provider":"email","providers":["email"]}','{}',now(),now()),
('00000000-0000-0000-0000-000000000000','00000000-0000-0001-0001-000000000013','authenticated','authenticated','alejandro.pena@luisa.click',crypt('Luisa2026!',gen_salt('bf')),now(),'{"provider":"email","providers":["email"]}','{}',now(),now()),
('00000000-0000-0000-0000-000000000000','00000000-0000-0001-0001-000000000014','authenticated','authenticated','isabel.mora@luisa.click',crypt('Luisa2026!',gen_salt('bf')),now(),'{"provider":"email","providers":["email"]}','{}',now(),now()),
('00000000-0000-0000-0000-000000000000','00000000-0000-0001-0001-000000000015','authenticated','authenticated','ricardo.salinas@luisa.click',crypt('Luisa2026!',gen_salt('bf')),now(),'{"provider":"email","providers":["email"]}','{}',now(),now()),
('00000000-0000-0000-0000-000000000000','00000000-0000-0001-0001-000000000016','authenticated','authenticated','monica.ortega@luisa.click',crypt('Luisa2026!',gen_salt('bf')),now(),'{"provider":"email","providers":["email"]}','{}',now(),now()),
('00000000-0000-0000-0000-000000000000','00000000-0000-0001-0001-000000000017','authenticated','authenticated','jorge.fuentes@luisa.click',crypt('Luisa2026!',gen_salt('bf')),now(),'{"provider":"email","providers":["email"]}','{}',now(),now()),
('00000000-0000-0000-0000-000000000000','00000000-0000-0001-0001-000000000018','authenticated','authenticated','elena.castillo@luisa.click',crypt('Luisa2026!',gen_salt('bf')),now(),'{"provider":"email","providers":["email"]}','{}',now(),now()),
('00000000-0000-0000-0000-000000000000','00000000-0000-0001-0001-000000000019','authenticated','authenticated','luis.vargas@luisa.click',crypt('Luisa2026!',gen_salt('bf')),now(),'{"provider":"email","providers":["email"]}','{}',now(),now()),
('00000000-0000-0000-0000-000000000000','00000000-0000-0001-0001-00000000001a','authenticated','authenticated','adriana.nunez@luisa.click',crypt('Luisa2026!',gen_salt('bf')),now(),'{"provider":"email","providers":["email"]}','{}',now(),now()),
('00000000-0000-0000-0000-000000000000','00000000-0000-0001-0001-00000000001b','authenticated','authenticated','rodrigo.espinosa@luisa.click',crypt('Luisa2026!',gen_salt('bf')),now(),'{"provider":"email","providers":["email"]}','{}',now(),now()),
('00000000-0000-0000-0000-000000000000','00000000-0000-0001-0001-00000000001c','authenticated','authenticated','natalia.medina@luisa.click',crypt('Luisa2026!',gen_salt('bf')),now(),'{"provider":"email","providers":["email"]}','{}',now(),now()),
('00000000-0000-0000-0000-000000000000','00000000-0000-0001-0001-00000000001d','authenticated','authenticated','sergio.rojas@luisa.click',crypt('Luisa2026!',gen_salt('bf')),now(),'{"provider":"email","providers":["email"]}','{}',now(),now()),
('00000000-0000-0000-0000-000000000000','00000000-0000-0001-0001-00000000001e','authenticated','authenticated','carmen.alvarado@luisa.click',crypt('Luisa2026!',gen_salt('bf')),now(),'{"provider":"email","providers":["email"]}','{}',now(),now())
ON CONFLICT (id) DO NOTHING;

-- ================================================================
-- SECCIÓN 3: IDENTIDADES MÉDICOS - auth.identities (30)
-- ================================================================
INSERT INTO auth.identities (id, provider_id, user_id, identity_data, provider, last_sign_in_at, created_at, updated_at) VALUES
('00000000-0000-0003-0001-000000000001','carlos.mendoza@luisa.click','00000000-0000-0001-0001-000000000001','{"sub":"00000000-0000-0001-0001-000000000001","email":"carlos.mendoza@luisa.click"}','email',now(),now(),now()),
('00000000-0000-0003-0001-000000000002','ana.garcia@luisa.click','00000000-0000-0001-0001-000000000002','{"sub":"00000000-0000-0001-0001-000000000002","email":"ana.garcia@luisa.click"}','email',now(),now(),now()),
('00000000-0000-0003-0001-000000000003','roberto.herrera@luisa.click','00000000-0000-0001-0001-000000000003','{"sub":"00000000-0000-0001-0001-000000000003","email":"roberto.herrera@luisa.click"}','email',now(),now(),now()),
('00000000-0000-0003-0001-000000000004','maria.lopez@luisa.click','00000000-0000-0001-0001-000000000004','{"sub":"00000000-0000-0001-0001-000000000004","email":"maria.lopez@luisa.click"}','email',now(),now(),now()),
('00000000-0000-0003-0001-000000000005','juan.martinez@luisa.click','00000000-0000-0001-0001-000000000005','{"sub":"00000000-0000-0001-0001-000000000005","email":"juan.martinez@luisa.click"}','email',now(),now(),now()),
('00000000-0000-0003-0001-000000000006','laura.sanchez@luisa.click','00000000-0000-0001-0001-000000000006','{"sub":"00000000-0000-0001-0001-000000000006","email":"laura.sanchez@luisa.click"}','email',now(),now(),now()),
('00000000-0000-0003-0001-000000000007','miguel.torres@luisa.click','00000000-0000-0001-0001-000000000007','{"sub":"00000000-0000-0001-0001-000000000007","email":"miguel.torres@luisa.click"}','email',now(),now(),now()),
('00000000-0000-0003-0001-000000000008','sofia.ramirez@luisa.click','00000000-0000-0001-0001-000000000008','{"sub":"00000000-0000-0001-0001-000000000008","email":"sofia.ramirez@luisa.click"}','email',now(),now(),now()),
('00000000-0000-0003-0001-000000000009','fernando.castro@luisa.click','00000000-0000-0001-0001-000000000009','{"sub":"00000000-0000-0001-0001-000000000009","email":"fernando.castro@luisa.click"}','email',now(),now(),now()),
('00000000-0000-0003-0001-00000000000a','patricia.jimenez@luisa.click','00000000-0000-0001-0001-00000000000a','{"sub":"00000000-0000-0001-0001-00000000000a","email":"patricia.jimenez@luisa.click"}','email',now(),now(),now()),
('00000000-0000-0003-0001-00000000000b','eduardo.morales@luisa.click','00000000-0000-0001-0001-00000000000b','{"sub":"00000000-0000-0001-0001-00000000000b","email":"eduardo.morales@luisa.click"}','email',now(),now(),now()),
('00000000-0000-0003-0001-00000000000c','claudia.flores@luisa.click','00000000-0000-0001-0001-00000000000c','{"sub":"00000000-0000-0001-0001-00000000000c","email":"claudia.flores@luisa.click"}','email',now(),now(),now()),
('00000000-0000-0003-0001-00000000000d','andres.gutierrez@luisa.click','00000000-0000-0001-0001-00000000000d','{"sub":"00000000-0000-0001-0001-00000000000d","email":"andres.gutierrez@luisa.click"}','email',now(),now(),now()),
('00000000-0000-0003-0001-00000000000e','valeria.diaz@luisa.click','00000000-0000-0001-0001-00000000000e','{"sub":"00000000-0000-0001-0001-00000000000e","email":"valeria.diaz@luisa.click"}','email',now(),now(),now()),
('00000000-0000-0003-0001-00000000000f','pablo.reyes@luisa.click','00000000-0000-0001-0001-00000000000f','{"sub":"00000000-0000-0001-0001-00000000000f","email":"pablo.reyes@luisa.click"}','email',now(),now(),now()),
('00000000-0000-0003-0001-000000000010','gabriela.cruz@luisa.click','00000000-0000-0001-0001-000000000010','{"sub":"00000000-0000-0001-0001-000000000010","email":"gabriela.cruz@luisa.click"}','email',now(),now(),now()),
('00000000-0000-0003-0001-000000000011','hector.vega@luisa.click','00000000-0000-0001-0001-000000000011','{"sub":"00000000-0000-0001-0001-000000000011","email":"hector.vega@luisa.click"}','email',now(),now(),now()),
('00000000-0000-0003-0001-000000000012','daniela.ruiz@luisa.click','00000000-0000-0001-0001-000000000012','{"sub":"00000000-0000-0001-0001-000000000012","email":"daniela.ruiz@luisa.click"}','email',now(),now(),now()),
('00000000-0000-0003-0001-000000000013','alejandro.pena@luisa.click','00000000-0000-0001-0001-000000000013','{"sub":"00000000-0000-0001-0001-000000000013","email":"alejandro.pena@luisa.click"}','email',now(),now(),now()),
('00000000-0000-0003-0001-000000000014','isabel.mora@luisa.click','00000000-0000-0001-0001-000000000014','{"sub":"00000000-0000-0001-0001-000000000014","email":"isabel.mora@luisa.click"}','email',now(),now(),now()),
('00000000-0000-0003-0001-000000000015','ricardo.salinas@luisa.click','00000000-0000-0001-0001-000000000015','{"sub":"00000000-0000-0001-0001-000000000015","email":"ricardo.salinas@luisa.click"}','email',now(),now(),now()),
('00000000-0000-0003-0001-000000000016','monica.ortega@luisa.click','00000000-0000-0001-0001-000000000016','{"sub":"00000000-0000-0001-0001-000000000016","email":"monica.ortega@luisa.click"}','email',now(),now(),now()),
('00000000-0000-0003-0001-000000000017','jorge.fuentes@luisa.click','00000000-0000-0001-0001-000000000017','{"sub":"00000000-0000-0001-0001-000000000017","email":"jorge.fuentes@luisa.click"}','email',now(),now(),now()),
('00000000-0000-0003-0001-000000000018','elena.castillo@luisa.click','00000000-0000-0001-0001-000000000018','{"sub":"00000000-0000-0001-0001-000000000018","email":"elena.castillo@luisa.click"}','email',now(),now(),now()),
('00000000-0000-0003-0001-000000000019','luis.vargas@luisa.click','00000000-0000-0001-0001-000000000019','{"sub":"00000000-0000-0001-0001-000000000019","email":"luis.vargas@luisa.click"}','email',now(),now(),now()),
('00000000-0000-0003-0001-00000000001a','adriana.nunez@luisa.click','00000000-0000-0001-0001-00000000001a','{"sub":"00000000-0000-0001-0001-00000000001a","email":"adriana.nunez@luisa.click"}','email',now(),now(),now()),
('00000000-0000-0003-0001-00000000001b','rodrigo.espinosa@luisa.click','00000000-0000-0001-0001-00000000001b','{"sub":"00000000-0000-0001-0001-00000000001b","email":"rodrigo.espinosa@luisa.click"}','email',now(),now(),now()),
('00000000-0000-0003-0001-00000000001c','natalia.medina@luisa.click','00000000-0000-0001-0001-00000000001c','{"sub":"00000000-0000-0001-0001-00000000001c","email":"natalia.medina@luisa.click"}','email',now(),now(),now()),
('00000000-0000-0003-0001-00000000001d','sergio.rojas@luisa.click','00000000-0000-0001-0001-00000000001d','{"sub":"00000000-0000-0001-0001-00000000001d","email":"sergio.rojas@luisa.click"}','email',now(),now(),now()),
('00000000-0000-0003-0001-00000000001e','carmen.alvarado@luisa.click','00000000-0000-0001-0001-00000000001e','{"sub":"00000000-0000-0001-0001-00000000001e","email":"carmen.alvarado@luisa.click"}','email',now(),now(),now())
ON CONFLICT DO NOTHING;

-- ================================================================
-- SECCIÓN 4: PERFILES MÉDICOS - medicos (30)
-- ================================================================
INSERT INTO medicos (id, id_usuario, nombre, apellidos, especialidad, cedula_profesional, telefono, descripcion, ciudad, horarios, consulta_precio, activo, calificacion, num_resenas) VALUES
('00000000-0000-0002-0001-000000000001','00000000-0000-0001-0001-000000000001','Carlos','Mendoza Ruiz','Medicina General','1234501','5550000101','Médico general con 10 años experiencia en diagnóstico integral','Ciudad de México','{"lunes":{"inicio":"09:00","fin":"14:00"},"martes":{"inicio":"09:00","fin":"14:00"},"miercoles":{"inicio":"15:00","fin":"20:00"},"jueves":{"inicio":"09:00","fin":"14:00"},"viernes":{"inicio":"09:00","fin":"13:00"}}',700.00,true,4.9,87),
('00000000-0000-0002-0001-000000000002','00000000-0000-0001-0001-000000000002','Ana','García Herrera','Pediatría','1234502','5550000102','Pediatra especializada en pediatría preventiva y desarrollo','Ciudad de México','{"lunes":{"inicio":"09:00","fin":"13:00"},"martes":{"inicio":"09:00","fin":"13:00"},"miercoles":{"inicio":"15:00","fin":"19:00"},"jueves":{"inicio":"09:00","fin":"13:00"},"viernes":{"inicio":"09:00","fin":"12:00"}}',850.00,true,4.8,65),
('00000000-0000-0002-0001-000000000003','00000000-0000-0001-0001-000000000003','Roberto','Herrera Vega','Cardiología','1234503','5550000103','Cardiólogo con Fellowship en arritmias y ecocardiografía','Guadalajara','{"lunes":{"inicio":"09:00","fin":"14:00"},"martes":{"inicio":"09:00","fin":"14:00"},"miercoles":{"inicio":"15:00","fin":"20:00"},"jueves":{"inicio":"09:00","fin":"14:00"},"viernes":{"inicio":"09:00","fin":"13:00"}}',1400.00,true,4.9,124),
('00000000-0000-0002-0001-000000000004','00000000-0000-0001-0001-000000000004','María','López Sánchez','Ginecología y Obstetricia','1234504','5550000104','Ginecobstetra con experiencia en embarazos de alto riesgo','Ciudad de México','{"lunes":{"inicio":"08:00","fin":"13:00"},"martes":{"inicio":"08:00","fin":"13:00"},"miercoles":{"inicio":"15:00","fin":"20:00"},"jueves":{"inicio":"08:00","fin":"13:00"},"viernes":{"inicio":"08:00","fin":"12:00"}}',1300.00,true,4.9,98),
('00000000-0000-0002-0001-000000000005','00000000-0000-0001-0001-000000000005','Juan','Martínez Cruz','Dermatología','1234505','5550000105','Dermatólogo experto en dermatología médica y cosmética','Monterrey','{"lunes":{"inicio":"10:00","fin":"15:00"},"martes":{"inicio":"10:00","fin":"15:00"},"miercoles":{"inicio":"16:00","fin":"21:00"},"jueves":{"inicio":"10:00","fin":"15:00"},"viernes":{"inicio":"10:00","fin":"14:00"}}',1100.00,true,4.7,76),
('00000000-0000-0002-0001-000000000006','00000000-0000-0001-0001-000000000006','Laura','Sánchez Mora','Neurología','1234506','5550000106','Neuróloga con expertise en cefaleas y desórdenes del movimiento','Ciudad de México','{"lunes":{"inicio":"09:00","fin":"14:00"},"martes":{"inicio":"09:00","fin":"14:00"},"miercoles":{"inicio":"15:00","fin":"20:00"},"jueves":{"inicio":"09:00","fin":"14:00"},"viernes":{"inicio":"09:00","fin":"13:00"}}',1350.00,true,4.8,91),
('00000000-0000-0002-0001-000000000007','00000000-0000-0001-0001-000000000007','Miguel','Torres Reyes','Ortopedia y Traumatología','1234507','5550000107','Ortopeda especialista en rodilla y cadera. Cirugías artroscópicas','Guadalajara','{"lunes":{"inicio":"09:00","fin":"14:00"},"martes":{"inicio":"09:00","fin":"14:00"},"miercoles":{"inicio":"16:00","fin":"20:00"},"jueves":{"inicio":"09:00","fin":"14:00"},"viernes":{"inicio":"09:00","fin":"13:00"}}',1300.00,true,4.8,103),
('00000000-0000-0002-0001-000000000008','00000000-0000-0001-0001-000000000008','Sofía','Ramírez Castro','Oftalmología','1234508','5550000108','Oftalmóloga con subespecialidad en retina y mácula','Ciudad de México','{"lunes":{"inicio":"09:00","fin":"14:00"},"martes":{"inicio":"09:00","fin":"14:00"},"miercoles":{"inicio":"15:00","fin":"20:00"},"jueves":{"inicio":"09:00","fin":"14:00"},"viernes":{"inicio":"09:00","fin":"13:00"}}',1200.00,true,4.9,112),
('00000000-0000-0002-0001-000000000009','00000000-0000-0001-0001-000000000009','Fernando','Castro Jiménez','Gastroenterología','1234509','5550000109','Gastroenterólogo con experiencia en endoscopia terapéutica','Monterrey','{"lunes":{"inicio":"10:00","fin":"15:00"},"martes":{"inicio":"10:00","fin":"15:00"},"miercoles":{"inicio":"15:00","fin":"20:00"},"jueves":{"inicio":"10:00","fin":"15:00"},"viernes":{"inicio":"10:00","fin":"14:00"}}',1250.00,true,4.8,89),
('00000000-0000-0002-0001-00000000000a','00000000-0000-0001-0001-00000000000a','Patricia','Jiménez Flores','Endocrinología','12345010','5550000110','Endocrinóloga especialista en diabetes y tiroidología','Ciudad de México','{"lunes":{"inicio":"09:00","fin":"14:00"},"martes":{"inicio":"09:00","fin":"14:00"},"miercoles":{"inicio":"15:00","fin":"20:00"},"jueves":{"inicio":"09:00","fin":"14:00"},"viernes":{"inicio":"09:00","fin":"13:00"}}',1250.00,true,4.9,95),
('00000000-0000-0002-0001-00000000000b','00000000-0000-0001-0001-00000000000b','Eduardo','Morales Gutiérrez','Psiquiatría','12345011','5550000111','Psiquiatra con especialidad en trastornos del estado de ánimo','Ciudad de México','{"lunes":{"inicio":"10:00","fin":"15:00"},"martes":{"inicio":"10:00","fin":"15:00"},"miercoles":{"inicio":"15:00","fin":"20:00"},"jueves":{"inicio":"10:00","fin":"15:00"},"viernes":{"inicio":"10:00","fin":"13:00"}}',1300.00,true,4.7,78),
('00000000-0000-0002-0001-00000000000c','00000000-0000-0001-0001-00000000000c','Claudia','Flores Díaz','Neumología','12345012','5550000112','Neumonóloga especialista en asma y EPOC','Puebla','{"lunes":{"inicio":"09:00","fin":"14:00"},"martes":{"inicio":"09:00","fin":"14:00"},"miercoles":{"inicio":"15:00","fin":"20:00"},"jueves":{"inicio":"09:00","fin":"14:00"},"viernes":{"inicio":"09:00","fin":"13:00"}}',1100.00,true,4.8,82),
('00000000-0000-0002-0001-00000000000d','00000000-0000-0001-0001-00000000000d','Andrés','Gutiérrez Peña','Urología','12345013','5550000113','Urólogo con experiencia en urología oncológica y funcional','Ciudad de México','{"lunes":{"inicio":"09:00","fin":"14:00"},"martes":{"inicio":"09:00","fin":"14:00"},"miercoles":{"inicio":"15:00","fin":"20:00"},"jueves":{"inicio":"09:00","fin":"14:00"},"viernes":{"inicio":"09:00","fin":"13:00"}}',1250.00,true,4.8,88),
('00000000-0000-0002-0001-00000000000e','00000000-0000-0001-0001-00000000000e','Valeria','Díaz Medina','Nutrición Clínica','12345014','5550000114','Nutrióloga clínica especialista en nutrición deportiva','Guadalajara','{"lunes":{"inicio":"09:00","fin":"13:00"},"martes":{"inicio":"09:00","fin":"13:00"},"miercoles":{"inicio":"15:00","fin":"19:00"},"jueves":{"inicio":"09:00","fin":"13:00"},"viernes":{"inicio":"09:00","fin":"12:00"}}',750.00,true,4.9,71),
('00000000-0000-0002-0001-00000000000f','00000000-0000-0001-0001-00000000000f','Pablo','Reyes Salinas','Cirugía General','12345015','5550000115','Cirujano general con subespecialidad en cirugía colorrectal','Ciudad de México','{"lunes":{"inicio":"08:00","fin":"13:00"},"martes":{"inicio":"08:00","fin":"13:00"},"miercoles":{"inicio":"15:00","fin":"19:00"},"jueves":{"inicio":"08:00","fin":"13:00"},"viernes":{"inicio":"08:00","fin":"12:00"}}',1500.00,true,4.9,127),
('00000000-0000-0002-0001-000000000010','00000000-0000-0001-0001-000000000010','Gabriela','Cruz Ortega','Medicina Interna','12345016','5550000116','Internista con experiencia en medicina hospitalaria','Monterrey','{"lunes":{"inicio":"09:00","fin":"14:00"},"martes":{"inicio":"09:00","fin":"14:00"},"miercoles":{"inicio":"15:00","fin":"20:00"},"jueves":{"inicio":"09:00","fin":"14:00"},"viernes":{"inicio":"09:00","fin":"13:00"}}',1000.00,true,4.8,79),
('00000000-0000-0002-0001-000000000011','00000000-0000-0001-0001-000000000011','Héctor','Vega Fuentes','Otorrinolaringología','12345017','5550000117','Otorrinolaringólogo con experiencia en cirugía endoscópica','Ciudad de México','{"lunes":{"inicio":"09:00","fin":"14:00"},"martes":{"inicio":"09:00","fin":"14:00"},"miercoles":{"inicio":"15:00","fin":"20:00"},"jueves":{"inicio":"09:00","fin":"14:00"},"viernes":{"inicio":"09:00","fin":"13:00"}}',1100.00,true,4.8,85),
('00000000-0000-0002-0001-000000000012','00000000-0000-0001-0001-000000000012','Daniela','Ruiz Castillo','Reumatología','12345018','5550000118','Reumatóloga especialista en enfermedades autoinmunes','Guadalajara','{"lunes":{"inicio":"09:00","fin":"14:00"},"martes":{"inicio":"09:00","fin":"14:00"},"miercoles":{"inicio":"15:00","fin":"20:00"},"jueves":{"inicio":"09:00","fin":"14:00"},"viernes":{"inicio":"09:00","fin":"13:00"}}',1200.00,true,4.8,84),
('00000000-0000-0002-0001-000000000013','00000000-0000-0001-0001-000000000013','Alejandro','Peña Vargas','Medicina General','12345019','5550000119','Médico general experto en atención primaria integral','Puebla','{"lunes":{"inicio":"09:00","fin":"14:00"},"martes":{"inicio":"09:00","fin":"14:00"},"miercoles":{"inicio":"15:00","fin":"20:00"},"jueves":{"inicio":"09:00","fin":"14:00"},"viernes":{"inicio":"09:00","fin":"13:00"}}',700.00,true,4.7,62),
('00000000-0000-0002-0001-000000000014','00000000-0000-0001-0001-000000000014','Isabel','Mora Núñez','Pediatría','12345020','5550000120','Pediatra con experiencia en neonatología y pediatría general','Ciudad de México','{"lunes":{"inicio":"08:00","fin":"13:00"},"martes":{"inicio":"08:00","fin":"13:00"},"miercoles":{"inicio":"15:00","fin":"19:00"},"jueves":{"inicio":"08:00","fin":"13:00"},"viernes":{"inicio":"08:00","fin":"12:00"}}',850.00,true,4.9,99),
('00000000-0000-0002-0001-000000000015','00000000-0000-0001-0001-000000000015','Ricardo','Salinas Espinosa','Cardiología','12345021','5550000121','Cardiólogo con experiencia en insuficiencia cardíaca','Ciudad de México','{"lunes":{"inicio":"09:00","fin":"14:00"},"martes":{"inicio":"09:00","fin":"14:00"},"miercoles":{"inicio":"15:00","fin":"20:00"},"jueves":{"inicio":"09:00","fin":"14:00"},"viernes":{"inicio":"09:00","fin":"13:00"}}',1400.00,true,4.8,108),
('00000000-0000-0002-0001-000000000016','00000000-0000-0001-0001-000000000016','Mónica','Ortega Alvarado','Dermatología','12345022','5550000122','Dermatóloga especialista en acné y fotoenvejecimiento','Guadalajara','{"lunes":{"inicio":"09:00","fin":"14:00"},"martes":{"inicio":"09:00","fin":"14:00"},"miercoles":{"inicio":"15:00","fin":"20:00"},"jueves":{"inicio":"09:00","fin":"14:00"},"viernes":{"inicio":"09:00","fin":"13:00"}}',1100.00,true,4.8,72),
('00000000-0000-0002-0001-000000000017','00000000-0000-0001-0001-000000000017','Jorge','Fuentes Bravo','Neurología','12345023','5550000123','Neurólogo especialista en epilepsia y enfermedad cerebrovascular','Ciudad de México','{"lunes":{"inicio":"09:00","fin":"14:00"},"martes":{"inicio":"09:00","fin":"14:00"},"miercoles":{"inicio":"15:00","fin":"20:00"},"jueves":{"inicio":"09:00","fin":"14:00"},"viernes":{"inicio":"09:00","fin":"13:00"}}',1350.00,true,4.9,102),
('00000000-0000-0002-0001-000000000018','00000000-0000-0001-0001-000000000018','Elena','Castillo Olvera','Ginecología y Obstetricia','12345024','5550000124','Ginecobstetra experta en medicina materno-fetal','Monterrey','{"lunes":{"inicio":"08:00","fin":"13:00"},"martes":{"inicio":"08:00","fin":"13:00"},"miercoles":{"inicio":"15:00","fin":"20:00"},"jueves":{"inicio":"08:00","fin":"13:00"},"viernes":{"inicio":"08:00","fin":"12:00"}}',1300.00,true,4.9,116),
('00000000-0000-0002-0001-000000000019','00000000-0000-0001-0001-000000000019','Luis','Vargas Juárez','Gastroenterología','12345025','5550000125','Gastroenterólogo con expertise en hepatología','Ciudad de México','{"lunes":{"inicio":"09:00","fin":"14:00"},"martes":{"inicio":"09:00","fin":"14:00"},"miercoles":{"inicio":"15:00","fin":"20:00"},"jueves":{"inicio":"09:00","fin":"14:00"},"viernes":{"inicio":"09:00","fin":"13:00"}}',1250.00,true,4.8,83),
('00000000-0000-0002-0001-00000000001a','00000000-0000-0001-0001-00000000001a','Adriana','Núñez Campos','Medicina Interna','12345026','5550000126','Internista especializada en enfermedades crónicas','Ciudad de México','{"lunes":{"inicio":"09:00","fin":"14:00"},"martes":{"inicio":"09:00","fin":"14:00"},"miercoles":{"inicio":"15:00","fin":"20:00"},"jueves":{"inicio":"09:00","fin":"14:00"},"viernes":{"inicio":"09:00","fin":"13:00"}}',1000.00,true,4.8,75),
('00000000-0000-0002-0001-00000000001b','00000000-0000-0001-0001-00000000001b','Rodrigo','Espinosa Méndez','Ortopedia y Traumatología','12345027','5550000127','Ortopeda especialista en hombro y codo','Guadalajara','{"lunes":{"inicio":"09:00","fin":"14:00"},"martes":{"inicio":"09:00","fin":"14:00"},"miercoles":{"inicio":"15:00","fin":"20:00"},"jueves":{"inicio":"09:00","fin":"14:00"},"viernes":{"inicio":"09:00","fin":"13:00"}}',1300.00,true,4.8,90),
('00000000-0000-0002-0001-00000000001c','00000000-0000-0001-0001-00000000001c','Natalia','Medina Lozano','Endocrinología','12345028','5550000128','Endocrinóloga especialista en metabolismo óseo','Ciudad de México','{"lunes":{"inicio":"09:00","fin":"14:00"},"martes":{"inicio":"09:00","fin":"14:00"},"miercoles":{"inicio":"15:00","fin":"20:00"},"jueves":{"inicio":"09:00","fin":"14:00"},"viernes":{"inicio":"09:00","fin":"13:00"}}',1250.00,true,4.9,97),
('00000000-0000-0002-0001-00000000001d','00000000-0000-0001-0001-00000000001d','Sergio','Rojas Pacheco','Psiquiatría','12345029','5550000129','Psiquiatra especialista en esquizofrenia y psicosis','Monterrey','{"lunes":{"inicio":"10:00","fin":"15:00"},"martes":{"inicio":"10:00","fin":"15:00"},"miercoles":{"inicio":"15:00","fin":"20:00"},"jueves":{"inicio":"10:00","fin":"15:00"},"viernes":{"inicio":"10:00","fin":"13:00"}}',1300.00,true,4.7,70),
('00000000-0000-0002-0001-00000000001e','00000000-0000-0001-0001-00000000001e','Carmen','Alvarado Carrillo','Oftalmología','12345030','5550000130','Oftalmóloga con experiencia en catarata y glaucoma','Ciudad de México','{"lunes":{"inicio":"09:00","fin":"14:00"},"martes":{"inicio":"09:00","fin":"14:00"},"miercoles":{"inicio":"15:00","fin":"20:00"},"jueves":{"inicio":"09:00","fin":"14:00"},"viernes":{"inicio":"09:00","fin":"13:00"}}',1200.00,true,4.9,114)
ON CONFLICT (id) DO NOTHING;

-- ================================================================
-- SECCIÓN 5: USUARIOS PACIENTES - auth.users (20)
-- ================================================================
INSERT INTO auth.users (instance_id, id, aud, role, email, encrypted_password, email_confirmed_at, raw_app_meta_data, raw_user_meta_data, created_at, updated_at) VALUES
('00000000-0000-0000-0000-000000000000','00000000-0000-0001-0002-000000000001','authenticated','authenticated','diego.romero@luisa.click',crypt('Luisa2026!',gen_salt('bf')),now(),'{"provider":"email","providers":["email"]}','{}',now(),now()),
('00000000-0000-0000-0000-000000000000','00000000-0000-0001-0002-000000000002','authenticated','authenticated','fernanda.silva@luisa.click',crypt('Luisa2026!',gen_salt('bf')),now(),'{"provider":"email","providers":["email"]}','{}',now(),now()),
('00000000-0000-0000-0000-000000000000','00000000-0000-0001-0002-000000000003','authenticated','authenticated','arturo.delgado@luisa.click',crypt('Luisa2026!',gen_salt('bf')),now(),'{"provider":"email","providers":["email"]}','{}',now(),now()),
('00000000-0000-0000-0000-000000000000','00000000-0000-0001-0002-000000000004','authenticated','authenticated','mariana.vela@luisa.click',crypt('Luisa2026!',gen_salt('bf')),now(),'{"provider":"email","providers":["email"]}','{}',now(),now()),
('00000000-0000-0000-0000-000000000000','00000000-0000-0001-0002-000000000005','authenticated','authenticated','cesar.contreras@luisa.click',crypt('Luisa2026!',gen_salt('bf')),now(),'{"provider":"email","providers":["email"]}','{}',now(),now()),
('00000000-0000-0000-0000-000000000000','00000000-0000-0001-0002-000000000006','authenticated','authenticated','paulina.guerrero@luisa.click',crypt('Luisa2026!',gen_salt('bf')),now(),'{"provider":"email","providers":["email"]}','{}',now(),now()),
('00000000-0000-0000-0000-000000000000','00000000-0000-0001-0002-000000000007','authenticated','authenticated','ernesto.montes@luisa.click',crypt('Luisa2026!',gen_salt('bf')),now(),'{"provider":"email","providers":["email"]}','{}',now(),now()),
('00000000-0000-0000-0000-000000000000','00000000-0000-0001-0002-000000000008','authenticated','authenticated','veronica.aguilar@luisa.click',crypt('Luisa2026!',gen_salt('bf')),now(),'{"provider":"email","providers":["email"]}','{}',now(),now()),
('00000000-0000-0000-0000-000000000000','00000000-0000-0001-0002-000000000009','authenticated','authenticated','tomas.rios@luisa.click',crypt('Luisa2026!',gen_salt('bf')),now(),'{"provider":"email","providers":["email"]}','{}',now(),now()),
('00000000-0000-0000-0000-000000000000','00000000-0000-0001-0002-00000000000a','authenticated','authenticated','liliana.ponce@luisa.click',crypt('Luisa2026!',gen_salt('bf')),now(),'{"provider":"email","providers":["email"]}','{}',now(),now()),
('00000000-0000-0000-0000-000000000000','00000000-0000-0001-0002-00000000000b','authenticated','authenticated','gustavo.leon@luisa.click',crypt('Luisa2026!',gen_salt('bf')),now(),'{"provider":"email","providers":["email"]}','{}',now(),now()),
('00000000-0000-0000-0000-000000000000','00000000-0000-0001-0002-00000000000c','authenticated','authenticated','rebeca.soto@luisa.click',crypt('Luisa2026!',gen_salt('bf')),now(),'{"provider":"email","providers":["email"]}','{}',now(),now()),
('00000000-0000-0000-0000-000000000000','00000000-0000-0001-0002-00000000000d','authenticated','authenticated','ignacio.bravo@luisa.click',crypt('Luisa2026!',gen_salt('bf')),now(),'{"provider":"email","providers":["email"]}','{}',now(),now()),
('00000000-0000-0000-0000-000000000000','00000000-0000-0001-0002-00000000000e','authenticated','authenticated','cecilia.olvera@luisa.click',crypt('Luisa2026!',gen_salt('bf')),now(),'{"provider":"email","providers":["email"]}','{}',now(),now()),
('00000000-0000-0000-0000-000000000000','00000000-0000-0001-0002-00000000000f','authenticated','authenticated','martin.juarez@luisa.click',crypt('Luisa2026!',gen_salt('bf')),now(),'{"provider":"email","providers":["email"]}','{}',now(),now()),
('00000000-0000-0000-0000-000000000000','00000000-0000-0001-0002-000000000010','authenticated','authenticated','alejandra.campos@luisa.click',crypt('Luisa2026!',gen_salt('bf')),now(),'{"provider":"email","providers":["email"]}','{}',now(),now()),
('00000000-0000-0000-0000-000000000000','00000000-0000-0001-0002-000000000011','authenticated','authenticated','victor.mendia@luisa.click',crypt('Luisa2026!',gen_salt('bf')),now(),'{"provider":"email","providers":["email"]}','{}',now(),now()),
('00000000-0000-0000-0000-000000000000','00000000-0000-0001-0002-000000000012','authenticated','authenticated','sandra.lozano@luisa.click',crypt('Luisa2026!',gen_salt('bf')),now(),'{"provider":"email","providers":["email"]}','{}',now(),now()),
('00000000-0000-0000-0000-000000000000','00000000-0000-0001-0002-000000000013','authenticated','authenticated','enrique.pacheco@luisa.click',crypt('Luisa2026!',gen_salt('bf')),now(),'{"provider":"email","providers":["email"]}','{}',now(),now()),
('00000000-0000-0000-0000-000000000000','00000000-0000-0001-0002-000000000014','authenticated','authenticated','gloria.carrillo@luisa.click',crypt('Luisa2026!',gen_salt('bf')),now(),'{"provider":"email","providers":["email"]}','{}',now(),now())
ON CONFLICT (id) DO NOTHING;

-- ================================================================
-- SECCIÓN 6: IDENTIDADES PACIENTES - auth.identities (20)
-- ================================================================
INSERT INTO auth.identities (id, provider_id, user_id, identity_data, provider, last_sign_in_at, created_at, updated_at) VALUES
('00000000-0000-0003-0002-000000000001','diego.romero@luisa.click','00000000-0000-0001-0002-000000000001','{"sub":"00000000-0000-0001-0002-000000000001","email":"diego.romero@luisa.click"}','email',now(),now(),now()),
('00000000-0000-0003-0002-000000000002','fernanda.silva@luisa.click','00000000-0000-0001-0002-000000000002','{"sub":"00000000-0000-0001-0002-000000000002","email":"fernanda.silva@luisa.click"}','email',now(),now(),now()),
('00000000-0000-0003-0002-000000000003','arturo.delgado@luisa.click','00000000-0000-0001-0002-000000000003','{"sub":"00000000-0000-0001-0002-000000000003","email":"arturo.delgado@luisa.click"}','email',now(),now(),now()),
('00000000-0000-0003-0002-000000000004','mariana.vela@luisa.click','00000000-0000-0001-0002-000000000004','{"sub":"00000000-0000-0001-0002-000000000004","email":"mariana.vela@luisa.click"}','email',now(),now(),now()),
('00000000-0000-0003-0002-000000000005','cesar.contreras@luisa.click','00000000-0000-0001-0002-000000000005','{"sub":"00000000-0000-0001-0002-000000000005","email":"cesar.contreras@luisa.click"}','email',now(),now(),now()),
('00000000-0000-0003-0002-000000000006','paulina.guerrero@luisa.click','00000000-0000-0001-0002-000000000006','{"sub":"00000000-0000-0001-0002-000000000006","email":"paulina.guerrero@luisa.click"}','email',now(),now(),now()),
('00000000-0000-0003-0002-000000000007','ernesto.montes@luisa.click','00000000-0000-0001-0002-000000000007','{"sub":"00000000-0000-0001-0002-000000000007","email":"ernesto.montes@luisa.click"}','email',now(),now(),now()),
('00000000-0000-0003-0002-000000000008','veronica.aguilar@luisa.click','00000000-0000-0001-0002-000000000008','{"sub":"00000000-0000-0001-0002-000000000008","email":"veronica.aguilar@luisa.click"}','email',now(),now(),now()),
('00000000-0000-0003-0002-000000000009','tomas.rios@luisa.click','00000000-0000-0001-0002-000000000009','{"sub":"00000000-0000-0001-0002-000000000009","email":"tomas.rios@luisa.click"}','email',now(),now(),now()),
('00000000-0000-0003-0002-00000000000a','liliana.ponce@luisa.click','00000000-0000-0001-0002-00000000000a','{"sub":"00000000-0000-0001-0002-00000000000a","email":"liliana.ponce@luisa.click"}','email',now(),now(),now()),
('00000000-0000-0003-0002-00000000000b','gustavo.leon@luisa.click','00000000-0000-0001-0002-00000000000b','{"sub":"00000000-0000-0001-0002-00000000000b","email":"gustavo.leon@luisa.click"}','email',now(),now(),now()),
('00000000-0000-0003-0002-00000000000c','rebeca.soto@luisa.click','00000000-0000-0001-0002-00000000000c','{"sub":"00000000-0000-0001-0002-00000000000c","email":"rebeca.soto@luisa.click"}','email',now(),now(),now()),
('00000000-0000-0003-0002-00000000000d','ignacio.bravo@luisa.click','00000000-0000-0001-0002-00000000000d','{"sub":"00000000-0000-0001-0002-00000000000d","email":"ignacio.bravo@luisa.click"}','email',now(),now(),now()),
('00000000-0000-0003-0002-00000000000e','cecilia.olvera@luisa.click','00000000-0000-0001-0002-00000000000e','{"sub":"00000000-0000-0001-0002-00000000000e","email":"cecilia.olvera@luisa.click"}','email',now(),now(),now()),
('00000000-0000-0003-0002-00000000000f','martin.juarez@luisa.click','00000000-0000-0001-0002-00000000000f','{"sub":"00000000-0000-0001-0002-00000000000f","email":"martin.juarez@luisa.click"}','email',now(),now(),now()),
('00000000-0000-0003-0002-000000000010','alejandra.campos@luisa.click','00000000-0000-0001-0002-000000000010','{"sub":"00000000-0000-0001-0002-000000000010","email":"alejandra.campos@luisa.click"}','email',now(),now(),now()),
('00000000-0000-0003-0002-000000000011','victor.mendia@luisa.click','00000000-0000-0001-0002-000000000011','{"sub":"00000000-0000-0001-0002-000000000011","email":"victor.mendia@luisa.click"}','email',now(),now(),now()),
('00000000-0000-0003-0002-000000000012','sandra.lozano@luisa.click','00000000-0000-0001-0002-000000000012','{"sub":"00000000-0000-0001-0002-000000000012","email":"sandra.lozano@luisa.click"}','email',now(),now(),now()),
('00000000-0000-0003-0002-000000000013','enrique.pacheco@luisa.click','00000000-0000-0001-0002-000000000013','{"sub":"00000000-0000-0001-0002-000000000013","email":"enrique.pacheco@luisa.click"}','email',now(),now(),now()),
('00000000-0000-0003-0002-000000000014','gloria.carrillo@luisa.click','00000000-0000-0001-0002-000000000014','{"sub":"00000000-0000-0001-0002-000000000014","email":"gloria.carrillo@luisa.click"}','email',now(),now(),now())
ON CONFLICT DO NOTHING;

-- ================================================================
-- SECCIÓN 7: PERFILES PACIENTES - perfiles_pacientes (20)
-- ================================================================
INSERT INTO perfiles_pacientes (id, id_usuario, nombre, apellidos, fecha_nacimiento, genero, tipo_sangre, curp, telefono, whatsapp, ciudad, estado_republica, ocupacion, estado_civil, antecedentes_heredofamiliares, antecedentes_patologicos, habitos, contacto_emergencia, created_at) VALUES
('00000000-0000-0002-0002-000000000001','00000000-0000-0001-0002-000000000001','Diego','Romero Torres','1985-03-15','masculino','O+','ROTD850315HDFMRG09','5551000001','5551000001','Ciudad de México','CDMX','Contador','Casado','{"diabetes":false,"hipertension":true,"cancer":false}','{"alergias":[],"cirugias":[],"enfermedades_cronicas":["hipertension"]}','{"tabaquismo":{"activo":false},"alcoholismo":{"activo":false},"ejercicio":{"activo":true}}','{"nombre":"María Romero","parentesco":"esposa","telefono":"5551000010"}',now()),
('00000000-0000-0002-0002-000000000002','00000000-0000-0001-0002-000000000002','Fernanda','Silva García','1992-07-22','femenino','A+','SIGF920722MDFRLR07','5551000002','5551000002','Ciudad de México','CDMX','Diseñadora','Soltera','{"diabetes":false,"hipertension":false,"cancer":false}','{"alergias":["penicilina"],"cirugias":[],"embarazos":1}','{"tabaquismo":{"activo":false},"alcoholismo":{"activo":false},"ejercicio":{"activo":false}}','{"nombre":"Carlos Silva","parentesco":"padre","telefono":"5551000011"}',now()),
('00000000-0000-0002-0002-000000000003','00000000-0000-0001-0002-000000000003','Arturo','Delgado Martínez','1972-11-08','masculino','B+','DEMA721108HDFLTRT06','5551000003','5551000003','Guadalajara','JAL','Ingeniero','Casado','{"diabetes":true,"hipertension":true,"cancer":false}','{"alergias":[],"cirugias":["apendicectomia"],"enfermedades_cronicas":["diabetes","hipertension"]}','{"tabaquismo":{"activo":true,"cigarros_dia":5},"alcoholismo":{"activo":false},"ejercicio":{"activo":false}}','{"nombre":"Rosa Martínez","parentesco":"esposa","telefono":"5551000012"}',now()),
('00000000-0000-0002-0002-000000000004','00000000-0000-0001-0002-000000000004','Mariana','Vela Herrera','1988-05-14','femenino','O+','VEHM880514MDFLLR04','5551000004','5551000004','Ciudad de México','CDMX','Abogada','Soltera','{"diabetes":false,"hipertension":false,"cancer":false}','{"alergias":["ibuprofeno"],"cirugias":[],"cefaleas":true}','{"tabaquismo":{"activo":false},"alcoholismo":{"activo":false},"ejercicio":{"activo":true}}','{"nombre":"Patricia Vela","parentesco":"madre","telefono":"5551000013"}',now()),
('00000000-0000-0002-0002-000000000005','00000000-0000-0001-0002-000000000005','César','Contreras López','1980-09-30','masculino','A+','COLC800930HDFNTS08','5551000005','5551000005','Monterrey','NL','Profesor','Casado','{"diabetes":false,"hipertension":false,"cancer":false}','{"alergias":[],"cirugias":[],"lumbago_cronico":true}','{"tabaquismo":{"activo":false},"alcoholismo":{"activo":false},"ejercicio":{"activo":true}}','{"nombre":"Elena López","parentesco":"esposa","telefono":"5551000014"}',now()),
('00000000-0000-0002-0002-000000000006','00000000-0000-0001-0002-000000000006','Paulina','Guerrero Sánchez','1995-02-17','femenino','AB+','GUSP950217MDFRRLN05','5551000006','5551000006','Ciudad de México','CDMX','Estudiante','Soltera','{"diabetes":false,"hipertension":false,"cancer":false}','{"alergias":["ácaros","polen"],"cirugias":[],"dermatitis":true}','{"tabaquismo":{"activo":false},"alcoholismo":{"activo":false},"ejercicio":{"activo":true}}','{"nombre":"Jorge Guerrero","parentesco":"padre","telefono":"5551000015"}',now()),
('00000000-0000-0002-0002-000000000007','00000000-0000-0001-0002-000000000007','Ernesto','Montes Ramírez','1969-12-05','masculino','O-','MORE691205HDFNTS03','5551000007','5551000007','Puebla','PUE','Jubilado','Casado','{"diabetes":false,"hipertension":true,"cancer":false}','{"alergias":[],"cirugias":["colecistectomia"],"gastritis":true}','{"tabaquismo":{"activo":true,"cigarros_dia":10},"alcoholismo":{"activo":true},"ejercicio":{"activo":false}}','{"nombre":"Ana Ramírez","parentesco":"esposa","telefono":"5551000016"}',now()),
('00000000-0000-0002-0002-000000000008','00000000-0000-0001-0002-000000000008','Verónica','Aguilar Castro','1991-04-23','femenino','A+','ACVR910423MDFGLS01','5551000008','5551000008','Ciudad de México','CDMX','Psicóloga','Soltera','{"diabetes":false,"hipertension":false,"cancer":false}','{"alergias":[],"cirugias":[],"trastorno_ansiedad":true}','{"tabaquismo":{"activo":false},"alcoholismo":{"activo":false},"ejercicio":{"activo":true}}','{"nombre":"Roberto Aguilar","parentesco":"hermano","telefono":"5551000017"}',now()),
('00000000-0000-0002-0002-000000000009','00000000-0000-0001-0002-000000000009','Tomás','Ríos Jiménez','2001-08-11','masculino','B+','RIJT010811HDFMST02','5551000009','5551000009','Guadalajara','JAL','Estudiante','Soltero','{"diabetes":false,"hipertension":false,"cancer":false}','{"alergias":["sulfas"],"cirugias":[],"ivu_recurrente":false}','{"tabaquismo":{"activo":false},"alcoholismo":{"activo":false},"ejercicio":{"activo":true}}','{"nombre":"Laura Jiménez","parentesco":"madre","telefono":"5551000018"}',now()),
('00000000-0000-0002-0002-00000000000a','00000000-0000-0001-0002-00000000000a','Liliana','Ponce Flores','1987-06-19','femenino','O+','POFL870619MDFNLL09','5551000010','5551000010','Ciudad de México','CDMX','Comerciante','Casada','{"diabetes":false,"hipertension":false,"cancer":false}','{"alergias":["aspirin"],"cirugias":[],"asma":true}','{"tabaquismo":{"activo":false},"alcoholismo":{"activo":false},"ejercicio":{"activo":true}}','{"nombre":"Miguel Flores","parentesco":"esposo","telefono":"5551000019"}',now()),
('00000000-0000-0002-0002-00000000000b','00000000-0000-0001-0002-00000000000b','Gustavo','León Gutiérrez','1978-01-27','masculino','A+','LEGG780127HDFNTS05','5551000011','5551000011','Monterrey','NL','Empresario','Casado','{"diabetes":true,"hipertension":true,"cancer":false}','{"alergias":[],"cirugias":[],"hiperlipidemia":true}','{"tabaquismo":{"activo":false},"alcoholismo":{"activo":true},"ejercicio":{"activo":false}}','{"nombre":"Sofía Gutiérrez","parentesco":"esposa","telefono":"5551000020"}',now()),
('00000000-0000-0002-0002-00000000000c','00000000-0000-0001-0002-00000000000c','Rebeca','Soto Díaz','1994-10-03','femenino','B-','SODR941003MDFTZB07','5551000012','5551000012','Ciudad de México','CDMX','Enfermera','Casada','{"diabetes":false,"hipertension":false,"cancer":false}','{"alergias":["penicilina","ácaros"],"cirugias":[],"rinitis":true}','{"tabaquismo":{"activo":false},"alcoholismo":{"activo":false},"ejercicio":{"activo":true}}','{"nombre":"David Díaz","parentesco":"esposo","telefono":"5551000021"}',now()),
('00000000-0000-0002-0002-00000000000d','00000000-0000-0001-0002-00000000000d','Ignacio','Bravo Peña','1965-07-16','masculino','O+','BAPI650716HDFRVNG04','5551000013','5551000013','Guadalajara','JAL','Jubilado','Casado','{"diabetes":false,"hipertension":true,"cancer":false}','{"alergias":[],"cirugias":["prostatectomia"],"gota":true}','{"tabaquismo":{"activo":true,"cigarros_dia":15},"alcoholismo":{"activo":true},"ejercicio":{"activo":false}}','{"nombre":"Graciela Peña","parentesco":"esposa","telefono":"5551000022"}',now()),
('00000000-0000-0002-0002-00000000000e','00000000-0000-0001-0002-00000000000e','Cecilia','Olvera Medina','1983-03-29','femenino','A+','OEMC830329MDFLLZ03','5551000014','5551000014','Ciudad de México','CDMX','Comerciante','Casada','{"diabetes":false,"hipertension":false,"cancer":false}','{"alergias":[],"cirugias":[],"colelitiasis":true}','{"tabaquismo":{"activo":false},"alcoholismo":{"activo":false},"ejercicio":{"activo":false}}','{"nombre":"Javier Medina","parentesco":"esposo","telefono":"5551000023"}',now()),
('00000000-0000-0002-0002-00000000000f','00000000-0000-0001-0002-00000000000f','Martín','Juárez Salinas','2004-11-12','masculino','O+','JUSM041112HDFRLRT08','5551000015','5551000015','Monterrey','NL','Estudiante','Soltero','{"diabetes":false,"hipertension":false,"cancer":false}','{"alergias":["latex"],"cirugias":[],"miopia":true}','{"tabaquismo":{"activo":false},"alcoholismo":{"activo":false},"ejercicio":{"activo":true}}','{"nombre":"Mercedes Salinas","parentesco":"madre","telefono":"5551000024"}',now()),
('00000000-0000-0002-0002-000000000010','00000000-0000-0001-0002-000000000010','Alejandra','Campos Ortega','1990-08-07','femenino','A-','CAOA900807MDFMPL05','5551000016','5551000016','Ciudad de México','CDMX','Arquitecta','Soltera','{"diabetes":false,"hipertension":false,"cancer":false}','{"alergias":[],"cirugias":[],"reflujo_gastrico":true}','{"tabaquismo":{"activo":false},"alcoholismo":{"activo":true},"ejercicio":{"activo":true}}','{"nombre":"Francisco Campos","parentesco":"padre","telefono":"5551000025"}',now()),
('00000000-0000-0002-0002-000000000011','00000000-0000-0001-0002-000000000011','Víctor','Mendía Fuentes','1976-04-21','masculino','B+','MEFV760421HDFNTNT02','5551000017','5551000017','Guadalajara','JAL','Contador','Casado','{"diabetes":false,"hipertension":false,"cancer":false}','{"alergias":[],"cirugias":[],"hipotiroidismo":true}','{"tabaquismo":{"activo":false},"alcoholismo":{"activo":false},"ejercicio":{"activo":true}}','{"nombre":"Catalina Fuentes","parentesco":"esposa","telefono":"5551000026"}',now()),
('00000000-0000-0002-0002-000000000012','00000000-0000-0001-0002-000000000012','Sandra','Lozano Castillo','1989-12-14','femenino','O+','LOCS891214MDFZNS06','5551000018','5551000018','Ciudad de México','CDMX','Docente','Soltera','{"diabetes":false,"hipertension":false,"cancer":false}','{"alergias":[],"cirugias":["cesarea"],"depresion":true}','{"tabaquismo":{"activo":false},"alcoholismo":{"activo":false},"ejercicio":{"activo":true}}','{"nombre":"Javier Castillo","parentesco":"hermano","telefono":"5551000027"}',now()),
('00000000-0000-0002-0002-000000000013','00000000-0000-0001-0002-000000000013','Enrique','Pacheco Vargas','1982-06-08','masculino','A+','PAVE820608HDFCRQ07','5551000019','5551000019','Puebla','PUE','Técnico','Casado','{"diabetes":false,"hipertension":false,"cancer":false}','{"alergias":[],"cirugias":[],"sin_patologias_relevantes":true}','{"tabaquismo":{"activo":false},"alcoholismo":{"activo":false},"ejercicio":{"activo":true}}','{"nombre":"Leticia Vargas","parentesco":"esposa","telefono":"5551000028"}',now()),
('00000000-0000-0002-0002-000000000014','00000000-0000-0001-0002-000000000014','Gloria','Carrillo Núñez','1970-09-25','femenino','O+','CANG700925MDFRLNL04','5551000020','5551000020','Ciudad de México','CDMX','Jubilada','Viuda','{"diabetes":false,"hipertension":true,"cancer":false}','{"alergias":[],"cirugias":["histerectomia"],"ivu_recurrente":true}','{"tabaquismo":{"activo":false},"alcoholismo":{"activo":false},"ejercicio":{"activo":false}}','{"nombre":"Pablo Carrillo","parentesco":"hijo","telefono":"5551000029"}',now())
ON CONFLICT (id) DO NOTHING;

-- ================================================================
-- SECCIÓN 8: CITAS - (30 citas: 2-3 por paciente)
-- ================================================================
INSERT INTO citas (id, id_paciente, id_medico, fecha_hora, duracion_minutos, motivo_preliminar, estado, confirmada, created_at) VALUES
-- Diego Romero - Cardiología
('00000000-0000-0003-0000-000000000001','00000000-0000-0002-0002-000000000001','00000000-0000-0002-0001-000000000003',now() - interval '15 days',60,'Control de presión arterial','completada',true,now()),
('00000000-0000-0003-0000-000000000002','00000000-0000-0002-0002-000000000001','00000000-0000-0002-0001-000000000003',now() + interval '10 days',60,'Seguimiento hipertensión','pendiente',false,now()),
-- Fernanda Silva - Ginecología
('00000000-0000-0003-0000-000000000003','00000000-0000-0002-0002-000000000002','00000000-0000-0002-0001-000000000004',now() - interval '7 days',45,'Control prenatal','completada',true,now()),
('00000000-0000-0003-0000-000000000004','00000000-0000-0002-0002-000000000002','00000000-0000-0002-0001-000000000004',now() + interval '14 days',45,'Ultrasonido semana 32','agendada',true,now()),
-- Arturo Delgado - Endocrinología
('00000000-0000-0003-0000-000000000005','00000000-0000-0002-0002-000000000003','00000000-0000-0002-0001-00000000000a',now() - interval '20 days',60,'Control diabetes','completada',true,now()),
('00000000-0000-0003-0000-000000000006','00000000-0000-0002-0002-000000000003','00000000-0000-0002-0001-00000000000a',now() + interval '21 days',60,'Ajuste de insulina','pendiente',false,now()),
-- Mariana Vela - Neurología
('00000000-0000-0003-0000-000000000007','00000000-0000-0002-0002-000000000004','00000000-0000-0002-0001-000000000006',now() - interval '10 days',60,'Evaluación migraña','completada',true,now()),
('00000000-0000-0003-0000-000000000008','00000000-0000-0002-0002-000000000004','00000000-0000-0002-0001-000000000006',now() + interval '30 days',60,'Seguimiento tratamiento','agendada',true,now()),
-- César Contreras - Ortopedia
('00000000-0000-0003-0000-000000000009','00000000-0000-0002-0002-000000000005','00000000-0000-0002-0001-000000000007',now() - interval '5 days',45,'Evaluación espalda','completada',true,now()),
('00000000-0000-0003-0000-00000000000a','00000000-0000-0002-0002-000000000005','00000000-0000-0002-0001-000000000007',now() + interval '15 days',45,'Terapia física','agendada',true,now()),
-- Paulina Guerrero - Dermatología
('00000000-0000-0003-0000-00000000000b','00000000-0000-0002-0002-000000000006','00000000-0000-0002-0001-000000000005',now() - interval '12 days',30,'Evaluación dermatitis','completada',true,now()),
-- Ernesto Montes - Gastroenterología
('00000000-0000-0003-0000-00000000000c','00000000-0000-0002-0002-000000000007','00000000-0000-0002-0001-000000000009',now() - interval '8 days',60,'Evaluación gastritis','completada',true,now()),
('00000000-0000-0003-0000-00000000000d','00000000-0000-0002-0002-000000000007','00000000-0000-0002-0001-000000000009',now() + interval '20 days',60,'Endoscopia','pendiente',false,now()),
-- Verónica Aguilar - Psiquiatría
('00000000-0000-0003-0000-00000000000e','00000000-0000-0002-0002-000000000008','00000000-0000-0002-0001-00000000000b',now() - interval '6 days',60,'Consulta ansiedad','completada',true,now()),
('00000000-0000-0003-0000-00000000000f','00000000-0000-0002-0002-000000000008','00000000-0000-0002-0001-00000000000b',now() + interval '7 days',60,'Seguimiento psiquiátrico','agendada',true,now()),
-- Tomás Ríos - Medicina General
('00000000-0000-0003-0000-000000000010','00000000-0000-0002-0002-000000000009','00000000-0000-0002-0001-000000000001',now() - interval '3 days',30,'Evaluación IVU','completada',true,now()),
-- Liliana Ponce - Neumología
('00000000-0000-0003-0000-000000000011','00000000-0000-0002-0002-00000000000a','00000000-0000-0002-0001-00000000000c',now() - interval '9 days',60,'Control asma','completada',true,now()),
('00000000-0000-0003-0000-000000000012','00000000-0000-0002-0002-00000000000a','00000000-0000-0002-0001-00000000000c',now() + interval '28 days',60,'Espirometría','pendiente',false,now()),
-- Gustavo León - Endocrinología
('00000000-0000-0003-0000-000000000013','00000000-0000-0002-0002-00000000000b','00000000-0000-0002-0001-00000000001c',now() - interval '14 days',60,'Control hiperlipidemia','completada',true,now()),
-- Rebeca Soto - ORL
('00000000-0000-0003-0000-000000000014','00000000-0000-0002-0002-00000000000c','00000000-0000-0002-0001-000000000011',now() - interval '4 days',30,'Evaluación rinitis','completada',true,now()),
-- Ignacio Bravo - Reumatología
('00000000-0000-0003-0000-000000000015','00000000-0000-0002-0002-00000000000d','00000000-0000-0002-0001-000000000012',now() - interval '11 days',60,'Control gota','completada',true,now()),
-- Cecilia Olvera - Cirugía General
('00000000-0000-0003-0000-000000000016','00000000-0000-0002-0002-00000000000e','00000000-0000-0002-0001-00000000000f',now() - interval '2 days',45,'Consulta pre-quirúrgica','completada',true,now()),
('00000000-0000-0003-0000-000000000017','00000000-0000-0002-0002-00000000000e','00000000-0000-0002-0001-00000000000f',now() + interval '5 days',120,'Colecistectomía','pendiente',false,now()),
-- Martín Juárez - Oftalmología
('00000000-0000-0003-0000-000000000018','00000000-0000-0002-0002-00000000000f','00000000-0000-0002-0001-000000000008',now() - interval '16 days',45,'Evaluación oftalmológica','completada',true,now()),
-- Alejandra Campos - Gastroenterología
('00000000-0000-0003-0000-000000000019','00000000-0000-0002-0002-000000000010','00000000-0000-0002-0001-000000000019',now() - interval '13 days',60,'Evaluación reflujo','completada',true,now()),
-- Víctor Mendía - Endocrinología
('00000000-0000-0003-0000-00000000001a','00000000-0000-0002-0002-000000000011','00000000-0000-0002-0001-00000000001c',now() - interval '18 days',60,'Control tiroides','completada',true,now()),
('00000000-0000-0003-0000-00000000001b','00000000-0000-0002-0002-000000000011','00000000-0000-0002-0001-00000000001c',now() + interval '30 days',60,'Laboratorios','agendada',true,now()),
-- Sandra Lozano - Psiquiatría
('00000000-0000-0003-0000-00000000001c','00000000-0000-0002-0002-000000000012','00000000-0000-0002-0001-00000000001d',now() - interval '1 day',60,'Consulta depresión','completada',true,now()),
-- Enrique Pacheco - Medicina General
('00000000-0000-0003-0000-00000000001d','00000000-0000-0002-0002-000000000013','00000000-0000-0002-0001-000000000013',now() - interval '21 days',45,'Chequeo preventivo','completada',true,now()),
('00000000-0000-0003-0000-00000000001e','00000000-0000-0002-0002-000000000013','00000000-0000-0002-0001-000000000013',now() + interval '180 days',45,'Chequeo anual','pendiente',false,now()),
-- Gloria Carrillo - Urología
('00000000-0000-0003-0000-00000000001f','00000000-0000-0002-0002-000000000014','00000000-0000-0002-0001-00000000000d',now() - interval '7 days',45,'Evaluación IVU recurrente','completada',true,now())
ON CONFLICT (id) DO NOTHING;

-- ================================================================
-- SECCIÓN 9: CONSULTAS - HISTORIAL CLÍNICO (20 notas, 1 por paciente)
-- ================================================================
INSERT INTO consultas (id, id_cita, id_paciente, id_medico, fecha_consulta, motivo_consulta, notas_soap, diagnostico_texto, plan_tratamiento, diagnostico_principal, firmado, created_at) VALUES
('00000000-0000-0004-0000-000000000001','00000000-0000-0003-0000-000000000001','00000000-0000-0002-0002-000000000001','00000000-0000-0002-0001-000000000003',now() - interval '15 days','Control de presión arterial','{"subjetivo":"Paciente refiere cefalea ocasional y fatiga","objetivo":"TA 165/95 mmHg, FC 82 bpm, sin soplos cardíacos","analisis":"Hipertensión no controlada, requiere optimización farmacológica","plan":"Aumentar dosis de Lisinopril a 20mg"}','Hipertensión esencial no controlada','Incrementar Lisinopril, control en 2 semanas, dieta baja en sodio','00000000-0000-0005-0000-000000000001',true,now()),
('00000000-0000-0004-0000-000000000002','00000000-0000-0003-0000-000000000003','00000000-0000-0002-0002-000000000002','00000000-0000-0002-0001-000000000004',now() - interval '7 days','Control prenatal semana 31','{"subjetivo":"Paciente sin molestias, movimientos fetales normales","objetivo":"Peso materno 78kg, TA 120/80, ganancia de 10kg, FCF 150 bpm","analisis":"Embarazo sin complicaciones, presentación cefálica","plan":"Continuar suplementación prenatal, parto esperado 2026-06-20"}','Embarazo a término sin complicaciones','Suplementación con hierro y ácido fólico, control mensual, preparación parto','00000000-0000-0005-0000-00000000000f',true,now()),
('00000000-0000-0004-0000-000000000003','00000000-0000-0003-0000-000000000005','00000000-0000-0002-0002-000000000003','00000000-0000-0002-0001-00000000000a',now() - interval '20 days','Control diabetes tipo 2','{"subjetivo":"Paciente refiere poliuria y polidipsia","objetivo":"Glucosa capilar 280 mg/dL, HbA1c 9.2%, peso 92kg","analisis":"Diabetes tipo 2 descompensada, mala adherencia al tratamiento","plan":"Ajustar dosis de metformina a 2gr/día, considerar agregar Gliptina"}','Diabetes mellitus tipo 2 descompensada','Metformina 2g/día, revisión en 4 semanas, glucometría capilar diaria','00000000-0000-0005-0000-000000000002',true,now()),
('00000000-0000-0004-0000-000000000004','00000000-0000-0003-0000-000000000007','00000000-0000-0002-0002-000000000004','00000000-0000-0002-0001-000000000006',now() - interval '10 days','Evaluación migraña','{"subjetivo":"Paciente con 3 episodios mensuales de migraña frontal con aura","objetivo":"Exploración neurológica normal, reflejo fotomotor íntegro","analisis":"Migraña con aura, posible relación con stress","plan":"Iniciar profilaxis con Propranolol 40mg/día"}','Migraña con aura','Propranolol 40mg/día, técnicas de relajación, evitar factores gatillo','00000000-0000-0005-0000-00000000000b',true,now()),
('00000000-0000-0004-0000-000000000005','00000000-0000-0003-0000-000000000009','00000000-0000-0002-0002-000000000005','00000000-0000-0002-0001-000000000007',now() - interval '5 days','Evaluación dorsal bajo','{"subjetivo":"Paciente con lumbago desde hace 1 mes post-esfuerzo","objetivo":"Dolor a la palpación paravertebral L5, limitación de flexión","analisis":"Lumbago mecánico con espasmo muscular","plan":"Prednisona 5 días, fisioterapia, ibuprofeno 600mg c/8hrs"}','Lumbago no especificado','Ibuprofeno 600mg c/8hrs, 5 días de reposo relativo, fisioterapia','00000000-0000-0005-0000-000000000006',true,now()),
('00000000-0000-0004-0000-000000000006','00000000-0000-0003-0000-00000000000b','00000000-0000-0002-0002-000000000006','00000000-0000-0002-0001-000000000005',now() - interval '12 days','Evaluación dermatitis facial','{"subjetivo":"Paciente con prurito intenso en cara y cuello por 2 semanas","objetivo":"Eritema difuso, liqueninización leve, sin vesículas","analisis":"Dermatitis de contacto alérgica, posible alergia a cosmético","plan":"Identificar alérgeno, topiramate 0.05% en zona afectada"}','Dermatitis alérgica de contacto','Crema hidratante hipoalergénica, evitar cosméticos irritantes','00000000-0000-0005-0000-000000000007',true,now()),
('00000000-0000-0004-0000-000000000007','00000000-0000-0003-0000-00000000000c','00000000-0000-0002-0002-000000000007','00000000-0000-0002-0001-000000000009',now() - interval '8 days','Evaluación gastritis','{"subjetivo":"Dolor epigástrico posprandial, acidez, reflujo","objetivo":"Exploración abdominal: dolor a la palpación epigástrica sin defensa","analisis":"Gastritis crónica erosiva, probablemente asociada a H. pylori","plan":"Test H. pylori, omeprazol 20mg/día, dieta blanda"}','Gastritis crónica erosiva','Omeprazol 20mg/día, test H. pylori, evitar irritantes gástricos','00000000-0000-0005-0000-000000000004',true,now()),
('00000000-0000-0004-0000-000000000008','00000000-0000-0003-0000-00000000000e','00000000-0000-0002-0002-000000000008','00000000-0000-0002-0001-00000000000b',now() - interval '6 days','Evaluación ansiedad','{"subjetivo":"Paciente con crisis de ansiedad 2-3 veces por semana, insomnio","objetivo":"TA 130/85, FC 92 bpm, ansiedad evidente en entrevista","analisis":"Trastorno de ansiedad generalizada, sin antecedentes psicóticos","plan":"Sertralina 50mg/día, psicoterapia cognitivo-conductual"}','Trastorno de ansiedad generalizada','Sertralina 50mg/día, psicoterapia semanal, técnicas de relajación','00000000-0000-0005-0000-000000000011',true,now()),
('00000000-0000-0004-0000-000000000009','00000000-0000-0003-0000-000000000010','00000000-0000-0002-0002-000000000009','00000000-0000-0002-0001-000000000001',now() - interval '3 days','Evaluación infección urinaria','{"subjetivo":"Disuria, polaquiuria, dolor suprapúbico","objetivo":"Exploración urológica: dolor suprapúbico, orina turbia","analisis":"Infección aguda de vías urinarias, cultivo pendiente","plan":"Ciprofloxacino 500mg c/12hrs por 7 días"}','Infección de vías urinarias aguda','Ciprofloxacino 500mg c/12hrs x 7 días, hidratación abundante','00000000-0000-0005-0000-000000000003',true,now()),
('00000000-0000-0004-0000-00000000000a','00000000-0000-0003-0000-000000000011','00000000-0000-0002-0002-00000000000a','00000000-0000-0002-0001-00000000000c',now() - interval '9 days','Control de asma','{"subjetivo":"Paciente sin disnea nocturna en últimas 2 semanas, mejor adherencia","objetivo":"Espirometría: FEV1 82% del predicho, variabilidad 12%","analisis":"Asma moderada controlada, buena respuesta a terapia","plan":"Continuar salbutamol + budesonida, revisar técnica de inhalación"}','Asma no especificada, controlada','Budesonida 200mcg c/12hrs, salbutamol PRN, revisión en 6 semanas','00000000-0000-0005-0000-000000000008',true,now()),
('00000000-0000-0004-0000-00000000000b','00000000-0000-0003-0000-000000000013','00000000-0000-0002-0002-00000000000b','00000000-0000-0002-0001-00000000001c',now() - interval '14 days','Control hiperlipidemia','{"subjetivo":"Paciente asintomático, buena adherencia al régimen","objetivo":"Colesterol total 280 mg/dL, triglicéridos 350 mg/dL, LDL 180","analisis":"Hiperlipidemia mixta mal controlada","plan":"Atorvastatina 40mg/día, dieta hipolipemiante estricta"}','Hiperlipidemia mixta','Atorvastatina 40mg/día, dieta baja en grasas saturadas','00000000-0000-0005-0000-00000000000a',true,now()),
('00000000-0000-0004-0000-00000000000c','00000000-0000-0003-0000-000000000014','00000000-0000-0002-0002-00000000000c','00000000-0000-0002-0001-000000000011',now() - interval '4 days','Evaluación rinitis alérgica','{"subjetivo":"Prurito nasal, estornudos frecuentes, rinorrea acuosa","objetivo":"Mucosa nasal edematosa y pálida, turbinatos hipertróficos","analisis":"Rinitis alérgica estacional, probable alergia a pólenes","plan":"Loratadina 10mg/día, considerar rinoplastia si persiste obstrucción"}','Rinitis alérgica debida a pólenes','Loratadina 10mg/día, sprays nasales de esteroides PRN','00000000-0000-0005-0000-00000000000e',true,now()),
('00000000-0000-0004-0000-00000000000d','00000000-0000-0003-0000-000000000015','00000000-0000-0002-0002-00000000000d','00000000-0000-0002-0001-000000000012',now() - interval '11 days','Control de gota','{"subjetivo":"Último ataque 3 semanas, dolor ha disminuido","objetivo":"Articulación 1ª MTF sin inflamación actual, movilidad completa","analisis":"Gota tofácea en remisión, requiere prevención de recaídas","plan":"Alopurinol 300mg/día, Colchicina 0.5mg/día profiláctica"}','Gota crónica','Alopurinol 300mg/día, Colchicina 0.5mg/día, evitar alcohol y purinas','00000000-0000-0005-0000-000000000010',true,now()),
('00000000-0000-0004-0000-00000000000e','00000000-0000-0003-0000-000000000016','00000000-0000-0002-0002-00000000000e','00000000-0000-0002-0001-00000000000f',now() - interval '2 days','Evaluación pre-quirúrgica colelitiasis','{"subjetivo":"Dolor intermitente en hipocondrio derecho, refiere cólicos","objetivo":"Murphy (+), exploración abdominal: defensa leve, ictericia ausente","analisis":"Colelitiasis sintomática, cálculos >1cm sin dilatación de vía biliar","plan":"Colecistectomía laparoscópica programada para 2026-05-27"}','Colelitiasis sintomática','Colecistectomía laparoscópica, ayuno preoperatorio, consentimiento informado','00000000-0000-0005-0000-000000000013',true,now()),
('00000000-0000-0004-0000-00000000000f','00000000-0000-0003-0000-000000000018','00000000-0000-0002-0002-00000000000f','00000000-0000-0002-0001-000000000008',now() - interval '16 days','Evaluación oftalmológica','{"subjetivo":"Paciente joven con miopía progresiva","objetivo":"AV OD: 20/70 corregida, OI: 20/100 corregida, refracción -3.5D ambos ojos","analisis":"Miopía moderada, requiere corrección óptica","plan":"Prescripción de lentes, considerar LASIK si lo desea"}','Miopía moderada','Lentes correctores, evaluación para LASIK en consulta posterior','00000000-0000-0005-0000-000000000012',true,now()),
('00000000-0000-0004-0000-000000000010','00000000-0000-0003-0000-000000000019','00000000-0000-0002-0002-000000000010','00000000-0000-0002-0001-000000000019',now() - interval '13 days','Evaluación reflujo gastroesofágico','{"subjetivo":"Ardor postprandial intenso, síntomas nocturnos frecuentes","objetivo":"Mucosa esofágica normal en endoscopia, sin erosiones","analisis":"ERGE moderada sin complicaciones, posible hernia hiatal","plan":"Omeprazol 20mg/día, elevar cabecera, evitar irritantes"}','Enfermedad por reflujo gastroesofágico','Omeprazol 20mg/día, cambios dietéticos y posturales','00000000-0000-0005-0000-00000000000c',true,now()),
('00000000-0000-0004-0000-000000000011','00000000-0000-0003-0000-00000000001a','00000000-0000-0002-0002-000000000011','00000000-0000-0002-0001-00000000001c',now() - interval '18 days','Control de hipotiroidismo','{"subjetivo":"Paciente con fatiga leve, sin síntomas de hipotiroidismo","objetivo":"TA 120/75, FC 68 bpm, sin bocio, reflejos normales","analisis":"Hipotiroidismo bien controlado con levotiroxina","plan":"Continuar levotiroxina 75mcg/día, TSH en 6 semanas"}','Hipotiroidismo no especificado','Levotiroxina 75mcg/día, laboratorios en 6 semanas','00000000-0000-0005-0000-000000000014',true,now()),
('00000000-0000-0004-0000-000000000012','00000000-0000-0003-0000-00000000001c','00000000-0000-0002-0002-000000000012','00000000-0000-0002-0001-00000000001d',now() - interval '1 day','Evaluación depresión','{"subjetivo":"Anhedonia, insomnio, ideación suicida pasiva","objetivo":"Paciente triste, hipomimia, lentitud psicomotora evidente","analisis":"Episodio depresivo mayor, requiere intervención urgente","plan":"Sertralina 50mg/día, psicoterapia intensiva, apoyo familiar"}','Episodio depresivo mayor moderado','Sertralina 50mg/día, psicoterapia semanal, seguimiento cercano','00000000-0000-0005-0000-000000000005',true,now()),
('00000000-0000-0004-0000-000000000013','00000000-0000-0003-0000-00000000001d','00000000-0000-0002-0002-000000000013','00000000-0000-0002-0001-000000000013',now() - interval '21 days','Chequeo médico preventivo','{"subjetivo":"Paciente asintomático, desea chequeo anual de salud","objetivo":"TA 125/80, FC 72 bpm, peso 82kg, IMC 26.5, sin hallazgos patológicos","analisis":"Paciente sano, sobrepeso leve, sin factores de riesgo relevantes","plan":"Laboratorios anuales, continuar estilo de vida saludable"}','Examen médico general','Laboratorios anuales, mantener actividad física, dieta equilibrada','00000000-0000-0005-0000-00000000000d',true,now()),
('00000000-0000-0004-0000-000000000014','00000000-0000-0003-0000-00000000001f','00000000-0000-0002-0002-000000000014','00000000-0000-0002-0001-00000000000d',now() - interval '7 days','Evaluación IVU recurrente','{"subjetivo":"3ª IVU en 3 meses, disuria y polaquiuria","objetivo":"Análisis de orina: piuria 40/campo, bacteriuria (+), nitritos (+)","analisis":"Infección recurrente de vías urinarias, requiere evaluación urológica","plan":"Antibioticoterapia, estudios de imagen, considerar profilaxis"}','Infección recurrente de vías urinarias','Ciprofloxacino 500mg c/12hrs x 7 días, propuesta investigativa','00000000-0000-0005-0000-00000000000f',true,now())
ON CONFLICT (id) DO NOTHING;

-- ================================================================
-- SECCIÓN 10: MEDICAMENTOS PRESCRITOS (10 registros)
-- ================================================================
INSERT INTO medicamentos_paciente (id, id_paciente, id_consulta, nombre_generico, nombre_comercial, dosis, frecuencia, via_administracion, fecha_inicio, fecha_fin, cronico, id_medico_prescribio, activo) VALUES
('00000000-0000-0006-0000-000000000001','00000000-0000-0002-0002-000000000001','00000000-0000-0004-0000-000000000001','Lisinopril','Zestril','20 mg','cada 24 horas','oral',now(),NULL,true,'00000000-0000-0002-0001-000000000003',true),
('00000000-0000-0006-0000-000000000002','00000000-0000-0002-0002-000000000002','00000000-0000-0004-0000-000000000002','Hierro','Ferro','325 mg','cada 24 horas','oral',now(),now() + interval '9 months',true,'00000000-0000-0002-0001-000000000004',true),
('00000000-0000-0006-0000-000000000003','00000000-0000-0002-0002-000000000003','00000000-0000-0004-0000-000000000003','Metformina','Glucophage','2000 mg','cada 24 horas (2g/día)','oral',now(),NULL,true,'00000000-0000-0002-0001-00000000000a',true),
('00000000-0000-0006-0000-000000000004','00000000-0000-0002-0002-000000000004','00000000-0000-0004-0000-000000000004','Propranolol','Inderal','40 mg','cada 24 horas','oral',now(),NULL,true,'00000000-0000-0002-0001-000000000006',true),
('00000000-0000-0006-0000-000000000005','00000000-0000-0002-0002-000000000005','00000000-0000-0004-0000-000000000005','Ibuprofeno','Actron','600 mg','cada 8 horas','oral',now(),now() + interval '5 days',false,'00000000-0000-0002-0001-000000000007',true),
('00000000-0000-0006-0000-000000000006','00000000-0000-0002-0002-000000000007','00000000-0000-0004-0000-000000000007','Omeprazol','Losec','20 mg','cada 24 horas','oral',now(),NULL,true,'00000000-0000-0002-0001-000000000009',true),
('00000000-0000-0006-0000-000000000007','00000000-0000-0002-0002-000000000008','00000000-0000-0004-0000-000000000008','Sertralina','Zoloft','50 mg','cada 24 horas','oral',now(),NULL,true,'00000000-0000-0002-0001-00000000000b',true),
('00000000-0000-0006-0000-000000000008','00000000-0000-0002-0002-00000000000b','00000000-0000-0004-0000-00000000000b','Atorvastatina','Sortis','40 mg','cada 24 horas','oral',now(),NULL,true,'00000000-0000-0002-0001-00000000001c',true),
('00000000-0000-0006-0000-000000000009','00000000-0000-0002-0002-000000000011','00000000-0000-0004-0000-000000000011','Levotiroxina','Eutirox','75 mcg','cada 24 horas','oral',now(),NULL,true,'00000000-0000-0002-0001-00000000001c',true),
('00000000-0000-0006-0000-00000000000a','00000000-0000-0002-0002-000000000012','00000000-0000-0004-0000-000000000012','Sertralina','Zoloft','50 mg','cada 24 horas','oral',now(),NULL,true,'00000000-0000-0002-0001-00000000001d',true)
ON CONFLICT (id) DO NOTHING;

-- ================================================================
-- SECCIÓN 11: VACUNAS PACIENTES (8 registros)
-- ================================================================
INSERT INTO vacunas_paciente (id, id_paciente, nombre_vacuna, fabricante, lote, dosis_numero, fecha_aplicacion, proxima_dosis, lugar) VALUES
('00000000-0000-0007-0000-000000000001','00000000-0000-0002-0002-000000000002','Vacuna COVID-19 (Pfizer-BioNTech)','Pfizer','AB1234',3,now() - interval '180 days',NULL,'Centro de Salud CDMX'),
('00000000-0000-0007-0000-000000000002','00000000-0000-0002-0002-000000000002','Tdap (Toxoides y Pertussis)','Sanofi','CD5678',1,now() - interval '365 days',now() + interval '730 days','Clínica privada'),
('00000000-0000-0007-0000-000000000003','00000000-0000-0002-0002-00000000000a','Influenza','GSK','EF9012',1,now() - interval '150 days',now() + interval '215 days','Farmacia Medicina'),
('00000000-0000-0007-0000-000000000004','00000000-0000-0002-0002-00000000000b','Neumocócica (Pneumovax 23)','Merck','GH3456',1,now() - interval '300 days',now() + interval '1825 days','Hospital Público'),
('00000000-0000-0007-0000-000000000005','00000000-0000-0002-0002-00000000000e','Varicela','Merck','IJ7890',2,now() - interval '60 days',NULL,'Centro de Vacunación'),
('00000000-0000-0007-0000-000000000006','00000000-0000-0002-0002-000000000010','Fiebre Amarilla','Sanofi','KL2345',1,now() - interval '240 days',NULL,'Instituto Nacional de Salud'),
('00000000-0000-0007-0000-000000000007','00000000-0000-0002-0002-000000000013','COVID-19 (Janssen J&J)','Johnson & Johnson','MN5678',1,now() - interval '200 days',NULL,'Clínica del Viajero'),
('00000000-0000-0007-0000-000000000008','00000000-0000-0002-0002-000000000014','Influenza','GSK','OP9012',1,now() - interval '120 days',now() + interval '245 days','Centro de Salud')
ON CONFLICT (id) DO NOTHING;

-- ================================================================
-- RESUMEN FINAL
-- ================================================================
-- ✅ 30 médicos creados con auth.users, identities y perfiles
-- ✅ 20 pacientes creados con auth.users, identities y perfiles
-- ✅ 30 citas (appointments) con varios estados
-- ✅ 20 consultas (medical history) con SOAP notes detalladas
-- ✅ 10 medicamentos prescritos
-- ✅ 8 registros de vacunación
-- ✅ 20 diagnósticos CIE-10
-- ✅ RLS habilitado para medicos con política de directorio
-- ================================================================
